rainfall,temperature,humidity,river_discharge,water_level,elevation,land_cover,soil_type,population_density,historical_floods,flood_occurred
0.253516446912745,0.5125283019243027,-1.6788199615406214,0.3454844564829628,-0.02125638691974163,0.3541839169543232,0.06524021086992426,-0.029608169598111366,-1.1234883280651464,-1.1202828022633302,1
-1.7008589711997197,-1.6540434093034957,-0.14302453574394441,-0.19842432175705416,-0.03802538079247362,1.1917715129706905,1.5266209343562294,-0.029608169598111366,-0.48792253212039705,-1.1202828022633302,0
0.7933580349943955,-1.4815832018547888,0.7737560262480941,0.6627986218234202,1.6493762776257512,-0.16852984536210516,0.7959305726130768,-0.7402042399527867,0.7270659940016058,-1.1202828022633302,0
-0.9721304502314222,1.3613536824654484,-0.9707770708624464,-1.038391530077849,-0.15493692842865928,0.9876126477153357,-0.6654501508732282,-1.450800310307462,-1.0568356140786201,-1.1202828022633302,1
0.3733230487444268,-1.1005545595933008,0.6094395616369315,-0.5188937032423931,-1.0562022762358545,1.6587911235148072,0.7959305726130768,-1.450800310307462,-1.4578513040245025,0.8926317515360224,1
0.6400126693414073,0.8931899517383906,-1.0374161565733564,-0.5254918008281945,-0.5405897046953609,0.7997267486295513,0.7959305726130768,-0.029608169598111366,1.535683786026083,0.8926317515360224,0
-0.005238373257303106,1.3174904111155372,-0.5825417307249954,1.1563896123907909,0.4580945297916188,-0.9600836828549689,-1.3961405126163806,1.3915839711112392,1.7429868840494442,0.8926317515360224,1
-0.956700878673771,1.1467968975396574,0.12186046643948557,-0.09081012428542175,-0.1577616703733474,-0.311934243645129,0.7959305726130768,-0.029608169598111366,-1.4437788011894748,0.8926317515360224,1
0.45037557834982817,-1.0081748956587804,0.3988532500249753,-0.9732074156860364,-0.7747944407148585,-1.3393009160199654,-0.6654501508732282,-1.450800310307462,-1.3834635074325061,0.8926317515360224,1
1.6021836473451334,-0.1976288884211916,1.6966697652936835,1.4024397129187813,-0.09424292049822867,-1.426858300894809,-0.6654501508732282,-0.7402042399527867,-0.8629125537834145,0.8926317515360224,1
1.472153003187408,-1.7410310455839735,1.673794996342098,-0.3601610118306287,1.6689475172339139,-0.9110808329563331,1.5266209343562294,-0.029608169598111366,0.18325874570721673,0.8926317515360224,1
0.2791852582142169,-0.0383593139016511,1.4663554298554506,0.5311907421366018,-1.394170492609255,-0.9664200878369656,0.7959305726130768,1.3915839711112392,0.3606637385054713,0.8926317515360224,0
-0.13679184885045856,0.8938555815794198,-0.24437279804411594,1.5745633829539991,0.7730319700643891,1.1673296437256049,0.7959305726130768,-0.7402042399527867,0.009715152146809226,0.8926317515360224,1
-1.1337918905671134,-0.03988337646033471,-0.4592338483220946,-0.794407723627171,0.9635993967912404,-1.512284517864792,0.06524021086992426,1.3915839711112392,1.2522326387089846,-1.1202828022633302,0
-0.10514720907302572,1.0406926024015832,-1.1215389826242037,1.3342296207630027,-0.7723766622906328,0.13729893318731318,0.7959305726130768,-0.7402042399527867,-0.5626501112382261,0.8926317515360224,0
0.6155980604432666,0.42821462345511313,-0.7980521376992482,-1.5917449709979128,-0.23320509927510322,-0.6944149042874472,1.5266209343562294,-0.7402042399527867,-0.5273733541676187,-1.1202828022633302,1
1.1196546938615652,-1.3638337986573321,-1.1903012701853324,-1.0049310936820042,-1.0161833826110223,0.5807729211012926,0.06524021086992426,-0.029608169598111366,1.738419848938144,0.8926317515360224,1
-0.847257122841845,-0.44976095991406434,1.3490315655439136,0.17133430332344476,0.11456218615206767,-1.3902746113943028,0.7959305726130768,1.3915839711112392,-1.030405594866788,0.8926317515360224,0
1.4825309801455298,-0.42904773959019804,-1.6412899853853173,-1.6327448942363674,-1.5769465503676856,1.5522256054385415,0.7959305726130768,0.680987900756564,1.2980038578377338,-1.1202828022633302,1
1.2505962184774109,1.160527984494894,1.3630778278080244,0.48301358953099904,-1.3767639957838878,1.7650773322823776,0.7959305726130768,-0.7402042399527867,0.5927055953365672,0.8926317515360224,1
1.2005581350293475,-1.0779200468762593,-1.4013121307634582,1.0579126260035265,0.6528778746805917,-1.1540540393561933,-0.6654501508732282,-0.029608169598111366,-0.9922631566405098,-1.1202828022633302,0
0.03210459227702589,0.48668203423484724,-0.6785340538430095,-1.659735294367795,0.6115174227444253,0.26220979863487365,-1.3961405126163806,-0.7402042399527867,-0.057229598838637485,0.8926317515360224,0
-0.21566395584333647,-1.0497054034432072,-0.5239401813644777,1.3190437655537866,-1.008751809871872,-0.4286536059068368,0.7959305726130768,-0.029608169598111366,0.28462727728298826,0.8926317515360224,1
-0.3467763549274474,-1.537094992563806,-0.7118880276312923,-0.6911257792118624,0.1486560290048094,0.38946685558162997,0.06524021086992426,-0.7402042399527867,-0.4496390135880539,0.8926317515360224,1
0.3084801712403818,-1.562391800360333,0.5982937001860541,1.660857324163256,-1.1627468048072114,0.26845325566548695,-0.6654501508732282,0.680987900756564,1.4586337742157154,0.8926317515360224,0
-0.08067102371616194,-1.0949183700710365,-1.5799982214412942,0.7610150082563595,-1.183029804683267,-0.6387589950179134,-1.3961405126163806,0.680987900756564,-0.12696716669950026,0.8926317515360224,0
-1.5835113542809145,-1.3441601717941736,1.0864450411692144,-0.3488998259675168,1.6318752176704039,-1.0733076858449604,1.5266209343562294,-0.029608169598111366,1.016857662539554,-1.1202828022633302,0
0.07124137406769632,-0.6158011491334833,-0.02703814538657288,1.1616098995337458,-1.017880461668143,-0.9251609323871519,0.06524021086992426,1.3915839711112392,-1.0597756017391313,0.8926317515360224,0
-0.16264179130410591,-1.6231405948374666,1.0096217658198188,0.35540249469253193,-0.7077952722300727,0.40279899159536064,0.06524021086992426,-0.7402042399527867,-1.4990546366752568,0.8926317515360224,1
-1.0912693237369653,-0.5666200168246601,-1.3446702131060055,0.8236730925487609,0.08138873751878639,-1.2683408674675956,0.7959305726130768,1.3915839711112392,1.329240062169272,0.8926317515360224,1
1.1257321337943034,-0.969389566733086,1.4375833748400684,1.6555525114202332,-1.0582771952136116,0.1334468353027803,0.06524021086992426,-0.029608169598111366,1.2757534963490296,-1.1202828022633302,1
0.25154577599155614,1.4896134787964892,-0.6992551982993735,-0.8938104511775865,-1.4789903475406856,1.6795051030568329,-1.3961405126163806,-0.7402042399527867,-0.23063412699687755,0.8926317515360224,1
-1.0995099167319944,-0.4743187131816231,-0.8298672563558905,-1.374544680172541,1.464679557118373,1.0514250981887503,-1.3961405126163806,1.3915839711112392,-1.2053366714445888,-1.1202828022633302,0
-0.7764519931438143,0.7359567125424292,0.5795982927865022,-0.05299134293982444,1.3248384831160762,-1.209063258887045,0.7959305726130768,0.680987900756564,1.3930912890704574,0.8926317515360224,1
-0.4197635940955662,-0.05764491127035041,1.6486507456289319,-1.2222726187381785,-0.1707908690335995,-0.7232592991883363,-1.3961405126163806,-0.7402042399527867,1.0065992355328923,0.8926317515360224,0
0.6539440482687338,-0.2182765728499914,0.9655300506912585,-1.165826385049847,-1.5531778815317285,1.4401179374678381,-1.3961405126163806,-0.029608169598111366,-0.07886532463086178,-1.1202828022633302,0
0.4400618612565223,1.122098426367731,1.4898167903005641,-0.9151597435512001,1.4340541817492165,-1.513055625332917,0.06524021086992426,-1.450800310307462,1.4565575465213543,-1.1202828022633302,1
1.3580635510725463,0.787481099356948,0.37006677452187525,0.9060824834595888,0.5478133748177041,1.3801765442608398,-0.6654501508732282,-0.7402042399527867,-0.8601513727623216,-1.1202828022633302,1
0.9566288566177372,0.9782922341645698,0.6763546617378835,1.129698391950772,0.21000664343749592,1.0440802277747352,0.06524021086992426,-0.029608169598111366,0.4979756988346137,-1.1202828022633302,0
1.3355191626305103,-1.3659826929066496,0.3428608755388422,-0.6683072524973753,-0.7572612531655198,-1.1855874379922995,-1.3961405126163806,-0.029608169598111366,0.4644731225122868,-1.1202828022633302,0
0.3716028627009579,-1.5827796531612641,0.6788858496566699,0.2512577139316523,-1.168789658747112,-0.051103694520945354,1.5266209343562294,-0.029608169598111366,1.5866863946839738,-1.1202828022633302,0
1.3870640011215742,-1.1894964875748473,0.036575678127823606,-0.9066330820924527,-1.1636829350512412,-1.2992871078062065,-0.6654501508732282,-0.7402042399527867,-1.1674045240412922,0.8926317515360224,1
1.2470975357262108,-1.4469357390093955,-0.8078150782234117,0.39802576148302043,0.49766598283994545,0.3426131638595607,-1.3961405126163806,1.3915839711112392,1.111488247372124,0.8926317515360224,1
-1.7729337806233716,0.3066766488101486,-1.5701683027331388,-1.658616587528682,0.38102049054089454,-0.7667283226811394,1.5266209343562294,1.3915839711112392,-0.15621631446048692,0.8926317515360224,1
0.5796178897306842,-0.35798273082559806,-0.9038498420650548,1.178213690667114,1.4529227013558699,-0.24595992974050016,-0.6654501508732282,0.680987900756564,0.6253208325045737,0.8926317515360224,1
-1.5508677235817854,-1.6976242251385198,0.15718776530508452,0.060787993859783555,-0.775267214777182,0.8483825133757049,-0.6654501508732282,-1.450800310307462,-1.2916064883428153,-1.1202828022633302,0
1.1276205116377684,0.11898837222576537,-0.6643157708076367,1.3700587557819583,1.67586125424668,-1.2564853995417928,1.5266209343562294,-0.029608169598111366,-1.3419885611342863,-1.1202828022633302,0
1.177288285065669,1.0928691999738953,-0.8739538577189494,1.5292781642005946,0.4119747669741248,0.6420158120273275,0.7959305726130768,1.3915839711112392,-1.1755588389873692,-1.1202828022633302,0
0.8733776644828065,0.02849020381947197,-1.3905757427675318,0.20652425533199095,-1.3506921961886076,0.16589294319348938,0.06524021086992426,-0.7402042399527867,1.1564171736738185,0.8926317515360224,0
0.4145252230880243,-0.2909687783288084,-0.24064441108187898,0.4592840365764609,1.6875984259823171,-1.2307045849239513,0.7959305726130768,-0.7402042399527867,-0.2718211513699061,0.8926317515360224,1
1.6121175231252427,1.1583906262133439,-0.5925788772172353,0.5440250000904068,0.974273938277378,-0.8570848975871148,-1.3961405126163806,-0.029608169598111366,-0.04244065566775387,-1.1202828022633302,0
0.8733523008960404,-1.6769687664880135,-1.6974173107989468,-0.0724561858797594,1.7761100784277513,-0.12477731574586344,0.06524021086992426,1.3915839711112392,-0.8020882088577057,0.8926317515360224,1
-0.32071387895579473,0.4726656749229221,0.46437939897037783,1.6206514229884872,-1.5001926502463014,0.7256696885419401,-1.3961405126163806,-0.029608169598111366,1.130335836232255,-1.1202828022633302,0
0.07110438611888753,0.6428287911876117,1.1680658987651704,1.3534196502003566,1.028830000022663,-0.7744719945169329,-0.6654501508732282,-0.029608169598111366,-0.7473399396139275,0.8926317515360224,0
1.3251842270223426,1.507864728950248,0.5407349084463736,1.3133882330525395,0.2014259638647748,1.0177169964035588,0.06524021086992426,0.680987900756564,-1.34140637238007,0.8926317515360224,1
-1.8594893482964452,-1.0253502905077665,0.34773731922042433,1.378263256424719,1.4474610348020507,-1.3915818465810486,1.5266209343562294,1.3915839711112392,-1.007291122764606,-1.1202828022633302,0
0.7746650620380028,0.36831170588184203,-0.41921511520880855,1.0438440240022064,1.845333058442176,-0.9356498388066625,1.5266209343562294,-1.450800310307462,1.294204149261447,0.8926317515360224,1
0.27026378401689355,0.5179111698241504,1.1442796163232665,0.10624469260165642,-1.5750373539629725,-0.32878264417172376,0.7959305726130768,-0.029608169598111366,-0.08731204661129587,-1.1202828022633302,0
-0.47698703505642404,1.0641306306972815,0.9518689194736194,-0.14718756194148344,1.1225593862277092,-1.2849449114753564,0.06524021086992426,-1.450800310307462,1.7150169465524707,-1.1202828022633302,1
-0.5390616955322616,0.681883555175743,1.4507185588520994,1.4704272303511663,-1.5911199263402136,-1.2284386223805177,0.06524021086992426,-0.029608169598111366,0.7996861480196545,0.8926317515360224,1
0.000191999901011602,0.6413102857241659,1.4679794739041903,-0.9503274372368715,-1.4726083928187341,1.3643792582709255,1.5266209343562294,1.3915839711112392,-1.5353124385086914,0.8926317515360224,1
-1.0005282194218579,-0.3478719501850605,1.3266912419554042,0.3306816456820954,-1.6422285167393973,0.8196113802028808,-1.3961405126163806,0.680987900756564,0.4498007524232397,0.8926317515360224,0
-0.534746234766057,-0.5223580824872196,-1.3269197469606966,-0.45422823711989274,-1.374791757985013,-0.6746485080929586,1.5266209343562294,-1.450800310307462,1.3078412622668543,-1.1202828022633302,1
-0.833825418081357,1.6541722375541146,-1.4411762337356928,-0.8047088270120182,-0.7689397748510836,1.5273155287814368,0.06524021086992426,-1.450800310307462,-0.8232864762378496,-1.1202828022633302,0
0.8755190825195414,-1.0195887312971748,-1.416998597231759,-1.0004783566863926,-0.5146572966735655,0.9170678232606075,1.5266209343562294,0.680987900756564,1.147016805141863,0.8926317515360224,1
-1.2613760386432895,0.7177255684588477,-0.7032733901216631,-1.4186492831266058,-0.4001311414005496,1.5947853664651546,0.06524021086992426,0.680987900756564,0.019209030887542916,0.8926317515360224,1
-1.4160433762990599,1.2966322672048913,-0.2944132676655319,0.7209329078414664,-0.7600879828663508,-0.056228107625990106,-0.6654501508732282,-1.450800310307462,1.0910564264045106,-1.1202828022633302,1
0.7585348115474245,0.6388941022109841,-0.7095940101956014,0.7332633229939842,-0.6978442095115228,0.6062545549984991,-0.6654501508732282,-1.450800310307462,-1.241224381880174,0.8926317515360224,0
-1.5604982841153896,0.5368272442943886,-0.1805349375827577,-1.7120690678070585,0.2527221725469615,-0.4208917610617358,-1.3961405126163806,-1.450800310307462,-1.3947321551160607,-1.1202828022633302,1
-1.8068537585804854,0.9265508318890997,1.6019327789132962,-0.16258328906771366,0.40090122682558005,-0.47840070651489136,0.06524021086992426,-0.7402042399527867,-1.2935435695556514,-1.1202828022633302,1
-1.4211649582037176,-0.11507055076139934,-1.4023717336564296,1.661692705665422,-1.0131590860894621,0.24835067169653735,0.06524021086992426,-1.450800310307462,0.665388625307463,0.8926317515360224,1
1.2742055954360543,1.512017051663538,-1.2696889818402317,1.1034486016504896,-1.4220981939106123,1.1913354118640258,-1.3961405126163806,0.680987900756564,0.2479399565799997,-1.1202828022633302,1
1.1562420679733505,-0.14928656669769136,0.4275440322885159,-1.3020202610650138,1.8226659233049742,-1.3334808637546742,-0.6654501508732282,1.3915839711112392,-0.7832189293814613,-1.1202828022633302,1
1.3132147028518883,1.1645952576442076,1.407275413197346,-1.0420869406728994,1.7688645115699597,-1.258826919149328,-1.3961405126163806,1.3915839711112392,-1.3922900035847274,0.8926317515360224,1
1.239409368988763,-1.0367223744763743,0.052442041327821584,1.0373316896601703,1.603934313863676,-1.3711493498890255,1.5266209343562294,-0.7402042399527867,-0.7211605469391938,0.8926317515360224,0
1.6249615373865156,-0.4853331341284431,0.6693034736462503,1.2748867450590613,0.245461545089424,0.9411529929000142,-0.6654501508732282,-0.7402042399527867,1.7620067125186638,-1.1202828022633302,1
0.8057121530761446,-0.8792765115565183,1.4842911931704406,1.2405872555812751,-1.1489680540798046,1.5995682105084545,-0.6654501508732282,0.680987900756564,-1.4513574598908403,-1.1202828022633302,1
1.2792654789273734,-0.3307495491216845,-1.2740448484114346,-1.4021347124313166,-0.9546038184239177,0.6918932985299424,0.7959305726130768,0.680987900756564,-1.0076395731708905,0.8926317515360224,0
1.4941269370443588,1.57567811960294,1.4439099901676242,-0.5975867429966135,0.8529442570256228,-0.10787676626447627,0.06524021086992426,1.3915839711112392,0.7572996224915691,0.8926317515360224,0
-0.7942277168792325,1.521682595050691,-1.2722618502451264,1.3626452405108689,-1.622886069209681,-0.18417844826225757,0.06524021086992426,1.3915839711112392,0.08721791489070221,0.8926317515360224,0
1.3300885193871352,1.3895767410279456,-1.356529492362614,0.33585354375280324,-1.0616735247832836,-0.04535133611526716,0.7959305726130768,0.680987900756564,-0.6923377354566899,0.8926317515360224,1
-0.5043378199826682,0.24241736195817218,-1.547124122600117,0.14752690422927747,-0.35135158346375334,-0.6288001099107884,-0.6654501508732282,1.3915839711112392,0.6261782584370427,-1.1202828022633302,0
-0.362756722248842,-1.5610932403112905,-1.3347434680520764,0.2916784485030841,-1.5039240914243512,0.7825514909319435,1.5266209343562294,-1.450800310307462,-1.587022207200399,0.8926317515360224,0
-0.9870032236802972,0.6429529344426281,1.7024563154472183,-0.13577512535714342,0.5038172287413212,1.0999288940396703,-1.3961405126163806,0.680987900756564,0.48665677999498763,0.8926317515360224,0
1.6080439242878966,0.5170959720103292,-0.030319340337969167,0.0743862135048556,0.2681705682489726,0.5242140060023269,-0.6654501508732282,0.680987900756564,1.6362084885425183,-1.1202828022633302,0
1.2869885782226356,-1.0512969317739593,0.941222300826845,0.651304878007723,-0.4094962698326629,-0.4700976701263436,1.5266209343562294,-1.450800310307462,-1.3215104495264538,0.8926317515360224,1
0.47705466884609776,-0.4718459686686529,0.7038117279005598,-0.8207683637506281,1.1628449544174038,0.08913265746364354,-0.6654501508732282,0.680987900756564,0.6115325022671012,-1.1202828022633302,0
-1.0785335351881455,-1.2547027813411793,1.5042024769332223,1.1528569022780348,0.07154445455382452,0.8741879216742369,0.7959305726130768,-1.450800310307462,-0.45676460526331764,0.8926317515360224,0
0.0761652321648237,-1.3412748254591933,1.5612272579695434,1.6255243149537721,0.6169199145816029,1.0879656502849628,0.7959305726130768,-1.450800310307462,0.5735758808086343,0.8926317515360224,0
-0.4019115484626801,-0.6527511662661353,0.5334833992866368,0.6603366500911908,-1.6513791954111643,-0.4116857538358231,-0.6654501508732282,0.680987900756564,-0.7065642201412511,-1.1202828022633302,1
0.8744465472570617,1.4592381522364966,0.9607788041759505,0.2200740158117826,0.7245913223467131,1.5804669334144423,0.06524021086992426,-1.450800310307462,0.7009556708954101,0.8926317515360224,1
0.5948174871355432,0.654135286942817,1.7101622186921588,-0.8904528626255239,1.1173665819170675,1.002225931157126,-0.6654501508732282,-0.029608169598111366,-1.2764127083290138,0.8926317515360224,1
-0.3512456239168088,-0.5010726208019638,-0.629591837870602,-1.0186294210610232,1.5231110608846474,-1.109986066995589,0.7959305726130768,1.3915839711112392,1.227632294100285,0.8926317515360224,0
-1.1007974958248412,0.6471851632699078,0.86921634117978,1.2092078464220222,-0.6182378630342109,-0.4096979638808295,-1.3961405126163806,-0.029608169598111366,1.6783286490106042,0.8926317515360224,1
0.7146222690635591,-0.2657655465612241,0.2610985647131015,-0.767774552690483,-0.8924003979577189,-0.5525430670787573,-0.6654501508732282,1.3915839711112392,-0.7190895387112847,0.8926317515360224,0
-1.8478128272141798,-0.2783480657977955,-0.16444739655359114,-1.7172413752953295,-1.4328221545484692,-1.3953048363780347,0.7959305726130768,-1.450800310307462,1.454928755553859,0.8926317515360224,0
-0.17176638512824005,0.7328116092602867,-0.46780538846704195,0.798481838217029,1.0927154204397398,1.7398601795836985,-1.3961405126163806,1.3915839711112392,0.44590851607662507,-1.1202828022633302,1
0.719318845879024,1.6312295902585348,0.4524305065307609,0.0766091080260699,-0.6253065683637198,0.5626528884756983,-1.3961405126163806,-0.7402042399527867,-0.049617929607068914,-1.1202828022633302,0
1.2894159829753997,0.1251170766238651,-1.207582198824982,0.45662894275704846,-0.2833613411750474,-1.1149646884673048,1.5266209343562294,0.680987900756564,0.6395919115597758,-1.1202828022633302,0
0.6638461425288034,0.9286591573985458,-1.1123112396659065,-0.7509349940850949,-0.16469851273164499,1.472784256648555,0.06524021086992426,-0.029608169598111366,-1.3656905464608347,0.8926317515360224,1
1.445228712087913,-0.9432036877276082,0.7353180828664176,0.327892596285363,-0.1870505558055076,-1.0066596634526046,0.06524021086992426,-0.029608169598111366,0.7783721330935339,-1.1202828022633302,0
-0.1272152910221443,0.6703930353673501,-0.6622825061941461,-1.1908422952413038,0.8779201860051684,-1.48115867901837,0.06524021086992426,-1.450800310307462,1.2992558199580264,-1.1202828022633302,1
0.21751374253854208,-1.4555377261318276,1.305701098413387,0.512202150189946,-1.1622111268760213,1.3033218039647856,-1.3961405126163806,-1.450800310307462,1.0712914663742097,0.8926317515360224,1
-0.41183899626915643,-1.074076345984467,0.9207885631551159,-1.514233631703521,-0.08332012276584265,1.3156148397536238,1.5266209343562294,-1.450800310307462,-0.7325571433506005,-1.1202828022633302,1
-0.08204931414643606,-0.7651773085271381,1.4821977556956638,1.3484932048662037,-0.08208014930611618,1.1707338138326457,1.5266209343562294,0.680987900756564,-1.4295205947493657,0.8926317515360224,1
-1.0141850461254442,-0.1974620288866616,0.3049570446335142,1.593412550128078,0.006745507077117059,-0.5586432523989023,1.5266209343562294,1.3915839711112392,-1.0318159865460421,0.8926317515360224,0
0.550526561077641,-0.689189265787098,1.1667009172440468,-1.609117049196261,-0.6490838694886689,1.052666959877794,0.7959305726130768,-1.450800310307462,-0.29098217970619744,-1.1202828022633302,0
0.06982472528063052,-1.1430357902261294,0.5635642406807846,0.94463845773234,-0.5256404139392593,0.29668624852857667,0.7959305726130768,-1.450800310307462,-1.148155553303004,-1.1202828022633302,0
1.6249848882465217,0.9996116308806146,-0.44847629018367086,-1.1083545866427582,-0.42351893240065397,-1.5429500032016648,-0.6654501508732282,-0.7402042399527867,0.120367116044755,-1.1202828022633302,1
0.60199372289724,-1.3881041425899046,-1.3439330181988587,-1.5264937177482574,0.06889741008983835,0.5733415095343891,-1.3961405126163806,1.3915839711112392,0.4337663433750531,0.8926317515360224,1
0.4014589494461033,0.6748811500983443,-1.3114636265858803,0.9858276293310487,0.9555110872533701,-0.9873376065410662,-1.3961405126163806,-1.450800310307462,-1.6002957616919422,-1.1202828022633302,0
-0.27317212388101336,0.8682601201940565,-0.18643055049977966,-0.3573485757094184,-0.5129857207934326,1.2221944109330947,1.5266209343562294,-0.029608169598111366,-1.0597419620000033,0.8926317515360224,0
-1.2789259044527597,-0.8033222449911227,0.8828743841490367,1.550647212594921,0.18707658836384558,0.5737664844234327,1.5266209343562294,0.680987900756564,1.642873678737739,-1.1202828022633302,0
0.16559337324401777,-1.7319342449464645,0.013537335721187831,-0.4683146170299746,0.4751842912829441,-1.5611512525967912,-0.6654501508732282,-0.029608169598111366,0.8045561991207298,0.8926317515360224,0
-1.5219407791784643,-0.8119268235466832,1.5794261332888253,1.4614129544688486,1.0446266806089337,0.5700135026842246,0.7959305726130768,1.3915839711112392,0.3635326407247117,-1.1202828022633302,0
-0.823617973300422,1.2955934174821284,-0.6456473531662197,0.6415490600372242,0.9764309010224926,-0.9964595688352245,0.7959305726130768,0.680987900756564,-1.3804343842907523,0.8926317515360224,0
-1.136840236843242,0.06902960969717413,0.1874142437657826,0.49953722212262697,-1.4132470583878238,1.1087774236584909,-0.6654501508732282,-1.450800310307462,0.09380769530763006,0.8926317515360224,0
-0.23301558392905802,1.0728067409760904,-1.3880482287210414,-0.3073977850363774,-0.7939758968058482,-1.0814827464423744,1.5266209343562294,0.680987900756564,1.6711869692296997,0.8926317515360224,1
-0.8848540448784933,1.1379586787185418,1.10503462831609,-1.226255122068076,0.6744556040954169,-1.3602227049842586,0.06524021086992426,-0.7402042399527867,1.2616641383152474,-1.1202828022633302,0
-1.1570261467129879,1.6446941856862043,1.396566964608521,1.5965865068910994,-0.709937960660835,-0.07590413513912987,-0.6654501508732282,0.680987900756564,1.2068428450572402,0.8926317515360224,1
0.9565305504364437,0.3132363418204956,-0.598959339748877,-0.5370293612131558,0.13460676563201862,1.3790374033829116,0.06524021086992426,0.680987900756564,0.4447296981135751,-1.1202828022633302,0
-0.7690941772538333,-0.5053417736083209,1.5814711847476706,0.14131903288931355,-0.0962863527770756,0.6505761573789346,-0.6654501508732282,1.3915839711112392,-0.7220661300369806,0.8926317515360224,0
1.648498826144427,-0.30861545773320975,-0.8948973572238343,1.3315917435781583,0.4466297109249227,0.007399113533062618,0.7959305726130768,-1.450800310307462,0.038731434943321166,0.8926317515360224,1
-0.2639841289430463,-1.462676532630233,0.7119733720379811,-0.10304149889170038,1.3716159304811422,-0.06692980305069123,0.06524021086992426,1.3915839711112392,-0.7039558295550268,0.8926317515360224,0
0.9820495823885576,0.09444344932330265,-0.33722994869215805,0.6695289641137557,0.6833433532627382,1.486358685544253,0.06524021086992426,-0.7402042399527867,1.7485692127603722,0.8926317515360224,1
0.5013143621927805,-0.3604632478606841,1.0413131719118025,-1.0262160172478192,-1.4504784149818806,-0.571499934928875,-0.6654501508732282,-0.7402042399527867,-0.008884217010078636,0.8926317515360224,1
1.3159628732213604,-0.8705644571888231,1.489578677054263,-1.1851594598393864,-1.2017216085067366,-0.7553079679142027,0.7959305726130768,-1.450800310307462,0.1935773599834793,0.8926317515360224,0
0.23064478997972326,0.5704236391827463,-0.17188456200582164,-0.6125847425711328,-0.17513763139354815,0.6983272260173617,-1.3961405126163806,-0.7402042399527867,-0.8932608107964483,0.8926317515360224,0
0.14615937524417832,0.6252324130216763,-1.3568292401910247,0.5632553083892409,1.5427427635770807,-1.408278919679142,1.5266209343562294,-1.450800310307462,-0.41735440302127946,0.8926317515360224,1
-0.7725958565523283,-0.741361445587799,-0.13175488170743738,-1.4417803822031516,0.30717102999825047,1.140699343212966,1.5266209343562294,-0.7402042399527867,-0.292363608448278,-1.1202828022633302,0
1.1193061425064557,1.257699285309248,0.2598774229633631,0.3786859815151337,-0.5501764339418793,-0.817448306232762,0.7959305726130768,-1.450800310307462,0.541541096378275,-1.1202828022633302,1
0.5586165574780649,0.07129956612054254,0.2935743243170941,-1.7014419890550576,-1.133113931766232,0.7622030074288785,-0.6654501508732282,0.680987900756564,0.4245482742745244,0.8926317515360224,1
-0.052966826704308655,-0.23365416897904867,-1.3175450002469848,-0.17209607236677504,-0.1543929684168681,-1.570420560915032,-1.3961405126163806,-0.029608169598111366,0.488262415685693,-1.1202828022633302,0
-0.6716854329386639,-0.3139052767472619,-0.6224365730553088,0.03594363078082198,-1.088066095201552,1.0982134006365485,0.06524021086992426,-0.7402042399527867,1.3786362188815533,-1.1202828022633302,0
1.6595681221809662,1.4142545679522038,0.8200973631106073,0.2484008989301973,0.2999263781901694,-0.21143249041222784,1.5266209343562294,1.3915839711112392,0.11539323619097079,0.8926317515360224,0
-1.264247313015073,-1.5128846124556505,0.04391783363932042,0.6314429259092651,-1.0379816876183239,0.7726029451952725,-1.3961405126163806,-0.029608169598111366,-0.7721932033991744,-1.1202828022633302,1
-0.24584452319407657,-1.3064438107054273,0.4999346250523692,-1.7178934782177184,1.8447524499856738,-0.5165654772399676,1.5266209343562294,-0.7402042399527867,-1.4900908009329223,0.8926317515360224,0
0.32424771199012137,0.9865333670659262,1.5219891731826503,1.0627827106544439,-1.1653764777492122,-0.7185406016017359,-1.3961405126163806,0.680987900756564,0.6263095008771375,-1.1202828022633302,1
-1.5281731500391365,-1.128365042377271,0.7353111284633748,0.6930123805072244,-0.5264155108503297,-1.021168647346951,-0.6654501508732282,1.3915839711112392,-0.08726115209553124,-1.1202828022633302,1
0.46857549351080113,-0.1638195315462822,1.546389675204424,-0.08088723319122261,-0.6568969885422594,-0.04777998265839845,-0.6654501508732282,0.680987900756564,-0.21261455424571152,0.8926317515360224,1
0.8770252696712567,-0.34910725521188185,0.762854688930742,-0.9992771512634312,-0.9427117418893647,-1.514247637514233,-1.3961405126163806,0.680987900756564,-0.4756783952613499,-1.1202828022633302,0
-1.2024014735839212,0.25527481594043383,0.21704993690733587,-1.0675126552857463,-0.8429720123347166,-1.408585672475486,0.06524021086992426,1.3915839711112392,-0.919338510313879,-1.1202828022633302,0
0.590885545666297,-0.6859480612136001,-0.8855528996137989,-1.7190077544080542,0.5006131899795796,1.4215044055428054,0.7959305726130768,-0.7402042399527867,-1.2894902984802576,0.8926317515360224,0
0.012009931394549318,-0.7731115323765227,-0.016650474819380735,-0.1760492066735396,1.5300976785906646,1.3369316463216045,0.7959305726130768,1.3915839711112392,1.390549382766052,-1.1202828022633302,0
-1.3006878856184607,1.296744679927899,-1.1880833126514236,0.26354424718972186,0.3323327529443456,1.7162844485753894,0.7959305726130768,0.680987900756564,0.11797218103632823,0.8926317515360224,1
-0.4521648484376921,0.5559641423220075,0.6463072657045095,-0.626492588739964,0.9612432064363781,-0.5415766876674365,-0.6654501508732282,-0.7402042399527867,-1.2683636182866387,-1.1202828022633302,1
-1.7401304993854236,-1.4038121230127112,-1.1723090781959766,-0.8240888460913608,1.494129993720014,1.6118922039598664,1.5266209343562294,-1.450800310307462,-0.5144133855014026,0.8926317515360224,1
1.514794645565752,1.4163212903072901,1.549360137317852,0.260744106704188,-0.5403275205213705,0.3482219086504038,0.06524021086992426,-1.450800310307462,0.7839336552067685,-1.1202828022633302,1
-1.6260893948549828,1.378456720345334,1.7093259882279457,-0.5983852376043142,-1.0810364718004088,1.390118206388593,0.7959305726130768,-0.7402042399527867,0.4863865412772123,0.8926317515360224,0
-1.8242128888544693,-1.1245566263822522,-0.307567657033275,0.5603910835541828,1.6097554371237799,-0.7210994085342958,0.7959305726130768,1.3915839711112392,-1.4942569810504365,0.8926317515360224,0
0.5539221045356763,1.1396229940722198,1.1968824697697396,0.08386114368674595,0.8323196397433517,0.3998847758770446,-1.3961405126163806,-1.450800310307462,1.2805312728595812,-1.1202828022633302,0
0.4956946029648501,-1.3404445046313045,1.0438293363383417,-0.8814991382947125,1.562791845805792,1.4882245740262254,-0.6654501508732282,1.3915839711112392,1.3074156005868933,-1.1202828022633302,0
-1.4326790418927142,0.787967610835833,-0.8294532614089337,-1.5301997666626797,1.1190522444977915,1.0486643115290226,0.7959305726130768,-0.7402042399527867,0.9211062609522904,0.8926317515360224,1
0.05466350987590659,-0.45056088537547695,1.0711656092040112,1.5341842041121294,0.4597666767378071,-1.0403536782922178,0.06524021086992426,0.680987900756564,0.1428564416302388,0.8926317515360224,0
-0.04920743294115912,-1.7443387101236438,-0.04381291480405528,-1.4873452130107119,0.2807297248650353,1.255331736923317,1.5266209343562294,-0.029608169598111366,1.1106856070081241,0.8926317515360224,0
-0.787943927279367,0.49564865005242326,-0.3177362313498151,-0.8566095986472696,-1.4500129842947989,-0.24113047975237953,-0.6654501508732282,-0.029608169598111366,0.5808512133659498,0.8926317515360224,0
-0.5640615740020851,0.9335819341698034,0.4513196726505205,1.4064083825465257,-1.2987236319551256,-0.18344935603961365,1.5266209343562294,0.680987900756564,-1.2349001863795512,0.8926317515360224,1
-1.1646911507053253,1.6330147293276644,-0.5747174281355292,1.0940762229216003,-0.38414026628705766,1.1853508180807921,0.7959305726130768,-0.029608169598111366,1.3072243459662363,-1.1202828022633302,1
0.7011661858737647,0.5429706005299402,-0.003097643613599112,0.6300915705892703,-0.3830435097122934,1.0244702887480723,-0.6654501508732282,0.680987900756564,-0.42792596858860543,0.8926317515360224,1
-1.0261205411205008,-1.4223455692825857,-0.9185348676842318,0.6488457316752158,-0.17989106347487027,-0.5721048940667346,0.06524021086992426,-1.450800310307462,-1.2147231262192928,0.8926317515360224,0
0.10455002566502837,0.7433137182191295,0.7048811422453782,-0.3919512560327888,1.1759109660034224,1.498155472332266,0.7959305726130768,0.680987900756564,0.009956770225810957,0.8926317515360224,1
-0.9139597201594257,0.7566367868903399,-1.1856785487698904,1.2660137539537906,1.3148216486598232,-1.0857380923249753,1.5266209343562294,-0.7402042399527867,-1.5462255055863001,0.8926317515360224,1
-1.29234841766375,-0.2800903655261719,1.3085743317931626,-1.0974721679084738,0.6528541491635401,0.462372504849263,-1.3961405126163806,-0.029608169598111366,-0.40737579959333386,0.8926317515360224,0
1.0922574365592397,-0.3317136745496455,-0.3223739430568996,-1.0113242216109444,-1.5137288324017262,1.469272027874764,0.06524021086992426,-0.7402042399527867,0.19738121380934,0.8926317515360224,0
-1.7066991264850189,-0.17985664617782968,0.48190814875369875,0.6751190708754335,0.3979738224703146,0.5909381892116432,-1.3961405126163806,-0.029608169598111366,-1.3281244741602911,0.8926317515360224,1
1.2372011666083058,0.1729127414652747,-1.104588588570678,0.167896947162965,0.436515121611562,-0.7510110400258159,-1.3961405126163806,0.680987900756564,0.7143237262328729,0.8926317515360224,0
0.36491029268988356,0.16768224267328904,-1.344842649839404,1.445430847587982,0.8062089112175049,0.6754564895729365,-0.6654501508732282,-0.7402042399527867,-0.816145420489118,0.8926317515360224,0
-1.667328301581776,-0.07992381569424804,0.4526677320487828,-0.5013131850042012,-1.177890222487153,1.4489067632203783,-0.6654501508732282,1.3915839711112392,-0.1823650154560915,0.8926317515360224,1
1.452720186352138,-1.0434692851035567,-0.9855292413361867,1.294485709792754,-0.9031162811478889,-1.3540026448471885,0.7959305726130768,-0.029608169598111366,-0.13907806584787283,0.8926317515360224,1
0.7568350539153192,0.9075622930835586,-1.654262987106619,-1.599674890624817,1.0021159666394304,-0.38308789306694485,-0.6654501508732282,0.680987900756564,1.6809241623890783,-1.1202828022633302,0
-0.4891795067943195,0.5376518001988667,1.1782676932966738,-0.2057915187830251,0.12886506991374203,-0.4458666016535829,-1.3961405126163806,0.680987900756564,-0.49163849972189594,-1.1202828022633302,0
-0.6200907292899739,-0.2843575190852299,-0.05792341716195837,-1.6821018746295988,-0.3716655236910564,-1.3114508301949532,0.7959305726130768,0.680987900756564,0.5162902549654317,0.8926317515360224,0
0.8065167990718038,0.4760935349373103,0.7641766582406873,0.0971202082208858,-0.7050791541627442,-0.6441289446669968,-0.6654501508732282,-1.450800310307462,1.3169035380465295,0.8926317515360224,1
0.2630998363950655,-0.44141215033065306,-1.472961978453324,1.1208377528674252,-1.1055987008895267,-1.0831107956207786,1.5266209343562294,-0.7402042399527867,-0.9765048447665623,0.8926317515360224,1
-0.6865454180910602,-1.71316672111906,-0.20332264541989223,1.3013885608498086,1.4055692069662884,-1.3113044803299216,-1.3961405126163806,0.680987900756564,0.1809367175686793,-1.1202828022633302,1
-0.942721521463143,-1.034853321255068,1.0734092011983365,-0.34889024179292016,1.1014586719908162,-1.2706675085132015,1.5266209343562294,0.680987900756564,-0.7300498918231022,0.8926317515360224,1
1.469446168179754,-1.7051270706954202,-1.1979281356943219,1.0038596863437208,-1.4400060757004238,-0.7942817155737408,-0.6654501508732282,-1.450800310307462,1.6597097986067888,-1.1202828022633302,0
0.9720281805459624,-1.0409602826718276,0.2574304425189572,1.5550088440999683,-1.1401260826579107,-1.118117130639838,0.06524021086992426,-1.450800310307462,-1.4047855350015528,-1.1202828022633302,1
-1.2992457100121206,0.6055983774407466,-0.47984221283853573,-0.5411527797853859,-0.7663414050130377,-1.0143798404358504,0.06524021086992426,0.680987900756564,-1.077486520117859,-1.1202828022633302,0
0.17340625425256576,0.9517702226793076,1.5741644434567592,-1.2754096613744053,-0.4506983489849981,1.4610362681908322,1.5266209343562294,0.680987900756564,0.8562925173825732,-1.1202828022633302,0
-0.5019582101292662,-0.2505937197547334,0.38712529016527547,0.23761760952037603,-0.46617407552599266,1.2679407879977893,-0.6654501508732282,-1.450800310307462,0.8256797248629936,0.8926317515360224,1
-1.6641294498596761,-1.0200691755694271,-0.19291799864575046,-0.7772181341594067,1.1615751253520656,-1.1388644321845456,0.06524021086992426,0.680987900756564,-1.376815400569024,-1.1202828022633302,1
0.963782991480801,-1.3799431250521639,0.2653780228091325,-1.5099867374721625,-1.2152932130851992,1.7504532467150364,0.7959305726130768,-1.450800310307462,-0.49584284397115985,0.8926317515360224,1
1.0009094586465423,-1.4568636533150123,0.5018649410564147,1.0641251763486084,-0.01723176225938744,0.8969275209245151,-0.6654501508732282,-1.450800310307462,0.2671038726739911,-1.1202828022633302,1
-1.1071034678123342,1.3677675710916037,-1.3173985815738078,-1.6171631433113731,0.5222231253088843,0.7035334258072473,0.06524021086992426,-0.029608169598111366,0.18934472606845343,-1.1202828022633302,0
0.409093772353869,1.0295713018020984,1.5089337007786634,0.7052055922927706,0.9953159633529389,1.5032365189391668,-0.6654501508732282,1.3915839711112392,-0.4625453837319424,0.8926317515360224,1
-1.458465378663382,0.8902222687312624,1.3558512577515862,-1.4030567195174601,0.4102264873945553,-0.033042764193140506,0.7959305726130768,0.680987900756564,1.3548471581824693,0.8926317515360224,1
-1.2964943785379064,1.0122903316905671,-0.33305060158524813,-0.42593236625134223,-0.21167368622052846,1.6522158222337204,1.5266209343562294,-0.7402042399527867,-0.5959707863049234,-1.1202828022633302,1
-1.1669824824824149,1.1932467979815253,1.4817736592633877,1.6235995717720255,0.39970400712384196,-0.7832402218160915,-1.3961405126163806,1.3915839711112392,-0.7778865937513257,-1.1202828022633302,1
-0.5539648269334891,0.09351423950549421,-0.5199605067332727,0.44500211913719534,1.846264586790399,-1.231629753308174,-0.6654501508732282,-1.450800310307462,0.4636369895058057,-1.1202828022633302,0
-0.6558279964296759,-1.5564978821797029,0.398817155975743,0.7320758909640364,-0.018771100529092907,-0.20061220968482557,-0.6654501508732282,-0.029608169598111366,-1.2311964269730784,0.8926317515360224,1
0.0767556909554328,1.1713159786864955,1.213358578063315,-0.36501585911684176,0.9299937425767555,1.1274684532796568,1.5266209343562294,0.680987900756564,-0.9038242873953501,-1.1202828022633302,1
-0.8835464447992047,-1.7573954733676598,-1.547291986329792,-0.8759256848984838,0.11302401867506764,-1.5058224789702015,-1.3961405126163806,-0.7402042399527867,1.0568543230645295,0.8926317515360224,0
-1.361731290142951,-1.6263687832259504,1.5460396069852913,-0.3759536167615288,0.9724649233717332,-0.9808739613539602,-0.6654501508732282,1.3915839711112392,-1.4352909412317583,-1.1202828022633302,1
-0.25499658553294535,-1.1869478393479984,0.012288352604798833,-0.542251205436652,-0.24021831581753636,1.1592154517606916,0.06524021086992426,-1.450800310307462,1.436513229962646,-1.1202828022633302,1
-1.3228986515862466,-0.9942273684139447,1.348228295114585,1.1400538677284446,-0.03214182527776109,1.3318702205195645,-1.3961405126163806,0.680987900756564,-0.08977050906275374,-1.1202828022633302,1
0.011661676466886109,0.30078093834236236,-0.9524264965062366,0.5525713910849073,1.5750336117911667,0.07585006054231597,0.7959305726130768,-1.450800310307462,0.5918571256529197,0.8926317515360224,0
0.482721660130271,0.7342566923421419,0.03560245216966864,1.2382886576120749,-1.155921435527673,-0.45164142595075984,-0.6654501508732282,0.680987900756564,1.664934841322077,0.8926317515360224,1
-1.346534570415952,0.8152478019819802,-0.15597886697559665,0.5466804662450636,0.5642546128193257,0.7382214863394689,1.5266209343562294,-0.7402042399527867,0.9715819461978276,-1.1202828022633302,0
0.35098018837359557,1.068536869369916,-1.1412856887700285,1.2184643034455829,0.6661920473997568,-0.03595022699667465,0.7959305726130768,-0.7402042399527867,1.7202498055881124,0.8926317515360224,1
0.9140581343788076,1.484475664251576,-1.140261203411474,1.1683009672762072,1.8162047892697448,0.32766979375956334,-0.6654501508732282,0.680987900756564,-0.7131161191609925,-1.1202828022633302,0
0.9479871109297673,1.0270557364910233,0.209325775917884,-0.16926174615408082,1.0309592181480516,0.3567061757859026,0.06524021086992426,0.680987900756564,-1.5571296029592023,0.8926317515360224,0
0.5338335355471759,1.3490340662840508,0.6425805346591423,0.08060184412869346,0.243758271590384,0.5247548940091272,-1.3961405126163806,-0.029608169598111366,-0.8773156439945319,0.8926317515360224,0
-0.9753733341764582,-0.8765226056453949,-0.9002726065781285,1.2203049890185154,-0.7579036374100759,0.27103244858951253,1.5266209343562294,-0.7402042399527867,1.6586466845188574,0.8926317515360224,1
0.0770037433251113,-1.6227231705788208,-1.282364526328394,0.5379659552146816,-1.5417810983848408,-0.07034837128866683,0.06524021086992426,0.680987900756564,1.1418558515126442,0.8926317515360224,1
0.42793885272043036,0.9374596971867365,-0.9617958178358952,0.6457162690281184,-1.3509873014841818,-1.2186953831467109,-0.6654501508732282,1.3915839711112392,0.0652840121055769,-1.1202828022633302,0
1.4976656079934914,-0.5208280339641411,-0.8170280848263943,-0.9041163472552327,1.1325907690283326,-0.5452114703564411,-1.3961405126163806,-0.029608169598111366,-1.5661255111965986,0.8926317515360224,0
-1.7532828819547221,-0.626807279877472,0.5031970458879096,-1.1760278870699696,-0.8940079105113521,-0.8022310372095091,-0.6654501508732282,0.680987900756564,-0.9168238100146447,-1.1202828022633302,1
0.9533195582188222,1.033094675495304,-1.4437311561464579,1.6334200916365291,-0.11801901739195624,-0.7659778433123358,0.06524021086992426,-1.450800310307462,0.7407493744764221,0.8926317515360224,1
-1.4356497149628276,-0.20143440160243195,-1.2184137330744576,1.593091197262724,-1.5877666825515278,-0.48392560184597844,-1.3961405126163806,-1.450800310307462,-0.6997467625060396,-1.1202828022633302,0
-0.6938580522841719,-0.6476680355139427,0.4475430607457775,-1.6236115043622106,-0.7942737715070337,0.04430061769477911,-0.6654501508732282,0.680987900756564,1.2362619908874457,0.8926317515360224,1
-0.3456365957980639,0.1351427204629111,-0.5426435460610227,0.04172042302889906,-0.2155479631625613,-1.1598827428681457,-1.3961405126163806,0.680987900756564,-0.8583410705427346,-1.1202828022633302,0
-1.4808994684598964,-0.7265860171235698,-0.9848652118107851,1.0281230547345646,1.5134570963529792,0.12912498671060868,0.06524021086992426,0.680987900756564,0.13971070882960693,0.8926317515360224,1
0.39034300278339157,-0.006903934082164476,0.7902115415466615,-0.5252055130728805,0.008777373799239901,-1.5419891402868122,0.7959305726130768,0.680987900756564,1.2447749232913707,0.8926317515360224,1
1.4350808203900238,-1.4861416664626332,0.0420360875624092,1.405779984830623,1.5196510695107077,-1.0641470793856294,1.5266209343562294,-0.7402042399527867,1.1972028978770395,0.8926317515360224,1
0.411145470188252,-0.5796739087987889,-1.5909740972899526,1.235054219919917,1.3761090773275384,1.0680333076685418,0.06524021086992426,-0.7402042399527867,-0.1349920752394097,0.8926317515360224,1
0.8543510962751835,0.8322578904750131,1.2308066824329373,-0.09446243264088233,0.5326274385244982,0.6183153126153338,0.7959305726130768,0.680987900756564,0.3510058102743397,-1.1202828022633302,1
-1.3908767429039974,0.24495768106365348,-1.0907446048030935,-0.32519181874262276,-0.17742715740817078,-0.6629568064062081,-1.3961405126163806,0.680987900756564,0.7503700504797428,0.8926317515360224,1
0.5901942995441363,1.5181067527100438,1.4308899347322535,-0.6595736570670286,-0.3631685571951542,0.5237370840544123,0.06524021086992426,1.3915839711112392,0.752252829746755,0.8926317515360224,0
1.0661018252646255,0.7731551276119631,0.44987303665582834,0.27714782750043815,1.0254710700036649,-1.5534122612717602,-0.6654501508732282,1.3915839711112392,-1.563091311751054,-1.1202828022633302,1
0.8223689440199758,0.5701035299899919,-1.6761810034914286,-1.6932014590965538,1.0210956829050932,-0.5134646811598164,-1.3961405126163806,-1.450800310307462,0.40322937289060984,-1.1202828022633302,0
0.48192880240609076,0.6366171118490191,-0.21302388180700668,-1.0063169883464866,1.5948572121831248,0.5450585552372756,-0.6654501508732282,-1.450800310307462,1.778752556776777,0.8926317515360224,1
-1.3192562944451507,0.6621601978267542,-0.25745716635827826,0.6168973839120567,-0.2929572593293139,-0.23800896119528317,0.7959305726130768,-0.029608169598111366,-0.22488194023795532,0.8926317515360224,1
0.8992600065196067,-0.3055832610674426,-1.431205100539791,-1.0802877059115812,1.8271601773641883,0.7386753041896135,0.7959305726130768,1.3915839711112392,1.3138980687726227,0.8926317515360224,0
-0.09948394590830423,0.7381468422788747,1.3211088668387214,-0.7041081906891459,0.5476959119159224,-1.0986693034589432,0.7959305726130768,1.3915839711112392,-0.49655870140500674,0.8926317515360224,1
0.6767958512631379,0.34535468926406643,-0.7014326943178129,0.3469165820881701,-1.595353303006317,-0.22011626896900682,0.7959305726130768,0.680987900756564,1.0560976370501858,-1.1202828022633302,1
-0.8710403349728297,-1.621142348164728,1.580088334355974,-0.34963055564212303,-0.43302463144289427,-1.399605341137373,1.5266209343562294,-1.450800310307462,0.40070415359160666,0.8926317515360224,1
1.2608883770640473,0.5627724020867392,-0.8906067585721352,1.3044823585565342,-0.23500895585316103,1.274692654604539,0.06524021086992426,0.680987900756564,-1.202507530210015,0.8926317515360224,1
0.1364453486812815,0.8489845043663495,0.981367979580451,-1.4886648361179828,-1.4448779911178828,-0.24501877211817547,0.06524021086992426,-0.029608169598111366,0.027326306065414998,-1.1202828022633302,1
-1.0535914515681302,-1.6184207201511627,-1.2104596283390998,-1.5687293539135065,0.643620296130546,-0.5972360769750953,0.06524021086992426,1.3915839711112392,-1.2749266902940504,-1.1202828022633302,0
0.599065797864311,1.5971917056338991,-0.47241037021602306,-0.38417898583774973,-0.15369836732656234,0.31708265719165174,0.06524021086992426,0.680987900756564,1.4816813115797423,0.8926317515360224,1
-0.08967821863925193,0.4744657700838161,0.46770851974489736,1.645872015963414,-0.9183015864012173,-0.32762770484438286,-1.3961405126163806,-0.7402042399527867,-1.1698639398209691,0.8926317515360224,0
0.44725831635391455,1.645946566234003,-1.6265424807776963,0.32343052852226123,1.737094759611574,-0.13139771660313843,-1.3961405126163806,-0.7402042399527867,-1.4487700471616944,-1.1202828022633302,0
-1.0981792769065917,1.1456972716107514,0.4264331040452761,-0.19251162473216693,-0.7310913699100723,1.751901865844836,0.7959305726130768,-0.7402042399527867,-1.4709797416088781,0.8926317515360224,1
1.332598843485743,-1.298274242092877,1.0038621667781893,0.9452746031112216,1.7743068172246828,1.4044362258583858,-0.6654501508732282,-0.7402042399527867,-1.2365251870665075,-1.1202828022633302,0
-1.675985073841816,0.9058314288087701,0.7620450480598829,-0.9962412432679347,-1.3270035587487772,-0.6961740845936412,0.06524021086992426,-0.029608169598111366,-0.6639427933569615,0.8926317515360224,0
-1.5986297089172727,0.8667900129937204,1.2005466605689983,0.8801840574127747,-1.4354497389164727,0.08654313519816088,-1.3961405126163806,-0.029608169598111366,-1.0327789074163443,0.8926317515360224,1
0.34445637819299213,-1.3848292596183691,-0.5401802573535947,0.04639135775246201,0.620714794137135,-1.155210879191443,-0.6654501508732282,0.680987900756564,-1.0013354382075812,0.8926317515360224,1
-0.8698505400029436,1.0382027432028236,-0.32710369576891074,-0.56696380632464,-1.561750512176093,0.992606086198257,-1.3961405126163806,0.680987900756564,1.7806743722967782,0.8926317515360224,0
-0.6820599229467368,1.2705824367242613,-0.31512804312405657,-0.8089814927630715,-0.5860377462707298,-0.6442871317690765,0.7959305726130768,-0.029608169598111366,0.1560321066889395,-1.1202828022633302,1
-0.8051327802805225,-1.607769488635915,-0.5000279863247059,-0.0011399366977832943,0.45963110273850505,0.022526425817881633,1.5266209343562294,0.680987900756564,-1.1773555524361665,-1.1202828022633302,0
0.9314800302559852,1.004257327056789,0.475809856087607,-1.0986055442160845,-0.9194927916864141,1.4204112941124494,1.5266209343562294,-0.029608169598111366,-1.066650872100709,0.8926317515360224,1
0.45645096584143874,-1.1967977647654424,-1.3526243488884424,-0.09646114549664361,-1.0915076857223347,-0.8840217779447217,0.06524021086992426,-1.450800310307462,0.7020415233975639,-1.1202828022633302,0
1.6589111528646234,1.2049697751904718,0.9174123513087569,1.4795678273762474,-1.1389509574598016,1.233800205836701,1.5266209343562294,0.680987900756564,-1.1267769255371518,0.8926317515360224,0
0.9497195137601306,-0.8318859613807487,-1.6465356373302682,0.8514659123186724,-0.04439168411642287,-1.5493048187469236,-1.3961405126163806,1.3915839711112392,-1.3297912844299031,0.8926317515360224,0
0.7310684730255144,1.1744429484513186,-1.1925685042592427,-0.8996538445074073,1.147895364440851,0.00532567877038118,0.7959305726130768,-1.450800310307462,-0.966247174581438,0.8926317515360224,1
0.1374249071424295,-1.030814720973636,1.0959167743457392,-0.3466314090779287,-1.3300749709203195,1.517611781730068,0.7959305726130768,1.3915839711112392,-0.5807203531858389,-1.1202828022633302,1
0.9041264205030444,-0.3521461940855478,-0.4768512239961646,-0.3901544794305302,1.37534844341777,0.26209765235860144,0.7959305726130768,0.680987900756564,0.24209562347393646,0.8926317515360224,0
1.3239896218282217,0.9847592546583357,-1.011988104164547,0.44155916584722543,0.0888717764856979,0.18876502798235392,-1.3961405126163806,1.3915839711112392,-0.889152051178509,0.8926317515360224,1
-0.7348620283748715,0.6291289715796394,-0.2615878413974314,-1.5126994344777962,1.5646643777542095,0.06089170108388373,1.5266209343562294,1.3915839711112392,-0.10361474843560614,-1.1202828022633302,0
-0.7372139643946473,0.12335130836642655,-0.026420869292747826,1.0884464589377671,-0.6572365576083813,1.2400904588452248,-1.3961405126163806,0.680987900756564,0.15162519988523476,-1.1202828022633302,0
0.6557555977710952,0.19472871398638136,-1.10981865873653,-1.4810702062606855,0.08036781905692536,-0.9773369691082594,1.5266209343562294,1.3915839711112392,-0.8957395637494234,-1.1202828022633302,0
1.000160715801515,0.3517906392352506,-1.3837288094253763,-0.5952118917350347,-0.6524253237092218,1.614727466248159,0.06524021086992426,-1.450800310307462,0.7833447749791764,-1.1202828022633302,0
0.34851191668716996,0.8033448530012683,0.12037090774131187,0.5662833521563518,0.13336305450558467,0.8883456921052915,0.06524021086992426,-0.029608169598111366,0.8251169239422177,-1.1202828022633302,1
-0.9289545839433956,0.34391820842795656,-1.390329964437796,-0.555262479132588,0.5679425982948516,-0.643255435163731,1.5266209343562294,0.680987900756564,-1.4480505556310033,-1.1202828022633302,0
-0.00040309805136326727,-1.5244552678993155,0.5696876534139741,1.2966198485419473,1.431692278881877,0.8272296058235116,0.7959305726130768,0.680987900756564,-0.11839351537195217,-1.1202828022633302,1
-0.8619108241863306,0.6752239194644463,1.1739944476069593,0.7997557351237569,1.570750027613072,-0.6343165799447744,-1.3961405126163806,-0.7402042399527867,1.178624004567431,-1.1202828022633302,1
-0.49365536894115336,-0.8729778118387493,-1.4941409447458018,-1.6863442237078756,0.3075482989153471,-1.0238437975434644,-1.3961405126163806,0.680987900756564,0.4641881658271939,-1.1202828022633302,1
1.43821549445165,-0.6783551072793579,-0.5103150702362126,-0.8870247623981246,-1.0543542050220012,-0.9877980652318833,-0.6654501508732282,1.3915839711112392,0.1116498381007681,0.8926317515360224,1
0.4181639076149336,0.1325261966287093,0.351393884971671,0.7426431584951732,-0.5335685282286777,-0.9345033258050991,0.06524021086992426,0.680987900756564,-0.5270982679596868,0.8926317515360224,0
1.4144718202604982,0.7719679870849749,0.0051217704983215154,-0.975154076183151,-1.0308406295747208,1.2011981831037748,-0.6654501508732282,-0.7402042399527867,-0.28237349570859316,0.8926317515360224,0
1.4329935649167531,0.985924171683495,0.25591272728519904,-1.4560992883996526,0.5058230694026173,-1.425099616522642,-1.3961405126163806,-0.7402042399527867,0.8570731356108271,0.8926317515360224,0
-1.7225363355000636,-1.174493729556278,0.5971891895706429,-0.5389920854341093,-0.25555663738039763,0.5871799391858031,0.7959305726130768,-0.7402042399527867,0.7762187469925529,0.8926317515360224,0
0.4293527126951029,-1.477840755586375,1.1009971261150509,1.3363629474358827,-1.0294739730623212,-0.5432234661367203,-1.3961405126163806,-0.7402042399527867,-0.825688801010331,-1.1202828022633302,1
0.7170607027612869,-1.0567995665322152,-1.257507375627784,-0.22478479961262351,-1.0344344367241967,0.06655380789378194,0.7959305726130768,-0.7402042399527867,-0.8530217391216406,0.8926317515360224,1
0.3529665804724783,-1.4216516182668506,0.6839349515124475,1.379383130819804,1.2195065828284113,1.0013881607259345,-0.6654501508732282,-0.029608169598111366,1.1901904808409296,0.8926317515360224,1
1.5500860620303336,-0.07567162105749949,0.8898456383236961,0.23740065082441755,1.5852387525608869,-0.31474396336929883,0.7959305726130768,-1.450800310307462,-0.19826398683007287,-1.1202828022633302,1
-0.8436311484047936,-1.5608079633221672,-0.5623508701793039,0.5717655993678361,0.10765995350379713,-0.854654977858079,1.5266209343562294,-1.450800310307462,-0.8683133886417402,0.8926317515360224,1
-1.5124325126578093,-1.4399208986730516,1.424192266290086,-1.528081318419529,-1.0151125461330808,-0.4455764383245252,1.5266209343562294,1.3915839711112392,-1.0655639194982662,0.8926317515360224,1
1.1083381886947092,-0.6666974454621,-0.8848921792364748,0.048732225150349306,-0.8426722111163754,1.3049061791741086,-0.6654501508732282,-1.450800310307462,1.1548342411629724,0.8926317515360224,0
1.4892434737281484,0.3522949089156053,-1.4564110000021941,0.42430371189324123,0.6162469547310057,-0.2948291493134966,0.7959305726130768,-0.7402042399527867,1.7836990538001118,-1.1202828022633302,0
-0.0472263436430146,1.3511978690861168,1.1887067477571425,-0.3035427767363849,-0.8509446101732964,1.1787801050446605,1.5266209343562294,-0.7402042399527867,-1.3305749724157252,-1.1202828022633302,1
0.32785593188232687,0.8614485690670594,0.29152049617682724,1.4489607099613377,-0.734021969607012,1.7469250521386668,0.06524021086992426,1.3915839711112392,0.9438762594123639,-1.1202828022633302,1
0.48815817207517886,-0.5553211405741731,-1.5509733586760013,0.42168453046967624,1.378485176662418,-0.45778355930283615,-0.6654501508732282,1.3915839711112392,-0.3627854539958265,-1.1202828022633302,0
-0.722294907725223,1.6405295096780603,-0.9521568605895666,0.7003234964770468,-1.0660800929090841,0.007094919739210526,0.06524021086992426,-1.450800310307462,0.6700640626791803,-1.1202828022633302,1
0.2797342119154277,0.00987964935160376,1.553516027043899,-0.679867545652352,1.7299719018018855,-1.2003021621941234,1.5266209343562294,0.680987900756564,-0.36308825860017985,0.8926317515360224,0
0.5912984104760136,1.254681276055173,0.2690198793107574,0.5193646770481559,1.3733723947840617,-1.5661470056221027,0.06524021086992426,-0.7402042399527867,0.9433254955407443,0.8926317515360224,0
-1.04688668237472,0.7768969999360573,-0.763774477639837,0.12517980888801944,-0.8589097853658827,1.0996171073021772,-0.6654501508732282,-1.450800310307462,-1.467974674180335,-1.1202828022633302,0
1.6373086664756678,0.7252572716995356,0.619924579647605,-1.3387288215450046,0.919747556491468,-1.4878394349861104,0.06524021086992426,-0.029608169598111366,1.7706510187053461,0.8926317515360224,0
-0.362619453945119,1.274470059254788,0.8622539761577547,-1.5424588082061927,-1.0672698537047316,-0.9661506130323821,0.7959305726130768,0.680987900756564,-0.7928684775620339,-1.1202828022633302,0
-1.1672356654189977,-0.31262760988101723,1.2369941962446565,-0.5150452848828267,-1.525933851984718,-0.17731638225032012,0.7959305726130768,1.3915839711112392,0.40053824667113175,-1.1202828022633302,0
1.5692981155409493,0.04426653549164308,-0.5769377435224811,-1.7237571449673215,-0.022011299091643663,-0.3083095283087831,0.06524021086992426,1.3915839711112392,-0.7864127673918736,-1.1202828022633302,1
0.2206956335676227,0.7069630285129525,-0.5453962174305894,-1.5579601275954231,-0.2775749174637076,-1.4576821055998306,-1.3961405126163806,-0.029608169598111366,-0.8545200328183029,0.8926317515360224,0
0.5013256082069953,1.187408596397434,1.263312836234135,-1.1612286762336415,-0.18739672963369408,-0.376460892700833,-0.6654501508732282,-1.450800310307462,-1.5080370401761642,0.8926317515360224,1
0.06826244797884128,0.003934046402544496,0.9061731756706752,-0.41975301568946277,-0.589161336428666,-0.9673237149863114,1.5266209343562294,0.680987900756564,1.3447037484044837,-1.1202828022633302,0
-0.21494742261158228,1.5346389127642508,1.179926976469627,1.3783325985026977,0.2833714668556033,1.1689445048439582,-1.3961405126163806,1.3915839711112392,-0.15451733287435226,-1.1202828022633302,0
-1.5863301197173747,0.9752778256028293,-1.1135970406595543,-1.0427419644820073,-0.4997170028715287,-1.0722047558936945,0.7959305726130768,-0.7402042399527867,-1.4766868028630757,0.8926317515360224,1
1.2546152165511897,1.3508170908459693,-0.2493798880215929,-1.6839248017974544,0.5267340916817431,0.4935326961861516,1.5266209343562294,-1.450800310307462,-0.7689929834085525,-1.1202828022633302,1
-0.08277801218571028,-1.5226647837340666,-0.9462912462195683,0.7281992642643477,1.002259542424202,1.7363875416782566,-0.6654501508732282,-0.029608169598111366,0.9677223773885127,0.8926317515360224,1
-1.1819830599259067,-1.0193571177254779,-1.68484774733118,1.418716721160837,0.6651375973561667,-0.4389085879563139,0.06524021086992426,-1.450800310307462,1.0911503010438792,-1.1202828022633302,0
0.10650118520350083,1.3483814723172376,-0.8297991163386989,0.888975809016586,0.676533750284378,0.5419439773242298,0.7959305726130768,1.3915839711112392,-0.635512044736928,0.8926317515360224,0
0.41574374567707073,0.8817410525288878,1.014958019980481,0.02761700798862787,1.8073786987244551,-0.8498576371812473,0.7959305726130768,-0.029608169598111366,-0.8547271477265374,-1.1202828022633302,0
-0.8314558602897002,-0.10097144584911594,-0.6324463304892963,1.1527073930604546,0.5910232449172264,1.2336367479158004,0.7959305726130768,-0.7402042399527867,-0.2170539281275785,0.8926317515360224,0
-0.6775021352163056,-0.8395357508081791,0.008516775249276133,-0.35080308344597794,-0.6955350629674425,0.6318382588268874,-0.6654501508732282,-1.450800310307462,0.9206522708525252,-1.1202828022633302,1
0.6236915150209128,-0.04161391318811098,-0.3878124757128817,-1.5523233406472876,-1.501915746226764,-0.09286044612370592,0.06524021086992426,0.680987900756564,1.1458749410681093,0.8926317515360224,1
0.49396292685341636,-1.068869740815412,0.649579604609296,1.1400666345601913,-1.0674548439301,-0.9791674705353743,-0.6654501508732282,0.680987900756564,1.2975964327514269,0.8926317515360224,1
-1.5734850808492442,-1.3161628866722828,1.64300813087465,0.057643059931033795,-0.2568399101526341,-0.897606710059847,0.7959305726130768,-0.029608169598111366,1.5331836269825254,0.8926317515360224,1
-1.1976917254505866,-1.4409806555669316,1.113811899391114,-0.426801233223073,-1.4973781476403054,-1.2389034767087566,-0.6654501508732282,-0.7402042399527867,0.5844251686202113,0.8926317515360224,1
-0.5727891620970502,1.4135106991117952,-0.17570262394772673,0.19234101849236865,1.2761358844716368,0.882333172451385,-1.3961405126163806,-0.7402042399527867,1.2717178929903614,0.8926317515360224,0
1.2186717036171069,0.4499551705208628,-0.7949634594374186,1.4914584239458661,-1.3053259553269814,1.4416015525984567,1.5266209343562294,-0.7402042399527867,-1.2949427208385176,-1.1202828022633302,1
-0.4730226030739852,-0.6711219938576639,0.2627989034753039,0.30294501475158575,0.1593216682155041,-1.3436728748232902,-1.3961405126163806,0.680987900756564,-0.5478409133358941,0.8926317515360224,1
-0.13903629037787088,1.0973387750198118,-1.2670938971860366,1.2165443390636508,0.6923740914719868,0.3520627633901842,0.06524021086992426,1.3915839711112392,-0.2881707373048666,-1.1202828022633302,0
1.445937384130297,1.6747874115331023,-0.25927999707492844,0.4384266345608954,-0.09228829741854644,-1.2009860636368028,-1.3961405126163806,1.3915839711112392,1.1082081163842805,-1.1202828022633302,1
1.128841610618684,1.1442857913432194,-1.416201841278099,1.298074583081206,-0.4293048821137907,1.4400906689534392,0.06524021086992426,0.680987900756564,-1.1459813066903335,-1.1202828022633302,1
-0.35791252178320254,1.1463360977485988,-0.9564387130625471,1.4896476330674682,0.15334448002828674,-1.4204571184055483,0.06524021086992426,-1.450800310307462,1.3111374600881525,-1.1202828022633302,1
-1.790433146098222,-0.7855756343328122,0.4486308750462579,-0.6622740094581459,0.8800249119629983,0.48776500470225415,-1.3961405126163806,1.3915839711112392,0.8294744538529014,0.8926317515360224,0
0.632943318017685,1.5981766340078432,-0.1299697678015465,-1.312769882548784,0.6074801594372408,0.6747975531097088,-0.6654501508732282,1.3915839711112392,-0.4563499975797302,-1.1202828022633302,1
-0.617397198303894,-0.24520362892998007,0.921943291771663,0.5736684808125565,1.8085747936573588,-1.0342575287615485,-0.6654501508732282,-1.450800310307462,-0.9863106467278526,0.8926317515360224,1
-0.7450490964639489,-0.10683800661409865,0.6492762451171036,-1.4233248807716312,0.2519826919767232,1.6939127151597169,-1.3961405126163806,1.3915839711112392,1.644569452550087,-1.1202828022633302,1
1.6350743673948014,0.40681804799072235,1.3162210522879787,-0.013745755398934537,1.2759958225561738,0.08301003686965976,0.06524021086992426,-0.029608169598111366,1.2800499339049713,-1.1202828022633302,1
-0.8611903263704211,-0.5832815660128557,-0.05303079324601591,-0.7373505274887592,1.7453849184208414,-0.8013177764218328,0.7959305726130768,0.680987900756564,-0.06230340715044448,-1.1202828022633302,1
-1.849030088384681,-1.676201183194955,1.264834443285543,1.5924475342487163,-0.5579154470798703,-0.03408120810629872,0.06524021086992426,-0.7402042399527867,1.593351896820023,-1.1202828022633302,0
-1.7737150953119523,-1.096775563165777,-1.639304937648853,0.25468233173559024,-1.3732482109636355,-1.3899544965386113,1.5266209343562294,1.3915839711112392,-0.8550043893284656,0.8926317515360224,1
0.9843788663800419,-1.704264540368387,0.05136237915592853,-0.3116375678277502,0.07320548746322697,0.29667743928387613,0.7959305726130768,-0.029608169598111366,1.3101778971718654,-1.1202828022633302,1
1.1469618473613201,1.4584048180509714,-0.457915779696785,-1.4733611378531863,-0.1482869238984072,-0.8660352100517479,-1.3961405126163806,1.3915839711112392,0.8514713620064942,-1.1202828022633302,0
-0.33408886771250806,-0.345530499440195,-1.6855811705590782,1.3768294796021934,1.4640360586449106,-0.7986014134009521,0.06524021086992426,-0.029608169598111366,-0.6854762445060303,0.8926317515360224,1
-0.5918554160521234,-0.6875924569540792,-0.999400266124725,-1.018118217052604,-0.8654652873182471,1.0188060343439116,-1.3961405126163806,-1.450800310307462,0.3769749905907947,-1.1202828022633302,1
0.6580093614164115,-0.44578576716367013,-0.7821232796905734,0.7442863227387388,-1.2130602092482419,0.9149420117346176,1.5266209343562294,-0.7402042399527867,-1.5715503881109885,0.8926317515360224,1
1.5161626849937784,-0.537774715193259,0.750245443013279,-0.6717898196247664,0.6561779308713738,-1.4322964213381337,-1.3961405126163806,-0.029608169598111366,0.7267310089232828,-1.1202828022633302,1
-1.4289963981023368,1.4446337274749417,1.3851135278119484,-1.126095355028638,-0.46552389337034816,-0.7005618052826325,-0.6654501508732282,0.680987900756564,-0.4607904919605418,0.8926317515360224,1
1.115423406022816,-0.6231025779324578,-0.41093606675847755,-0.9794098948832043,0.37479722701559154,-0.24719347287773796,-0.6654501508732282,0.680987900756564,-0.5805553614888973,0.8926317515360224,0
0.1752952753784021,0.9749715832610839,-1.1134934743721219,-0.7374303754605999,1.0316776515399506,-1.2426529363023335,-0.6654501508732282,0.680987900756564,0.8316790029830996,-1.1202828022633302,0
0.40720632364871456,0.22532199468561367,-1.5887051178835596,-0.05997460362173618,1.1257916326754456,-0.2113569881067143,-0.6654501508732282,-1.450800310307462,-0.3203585638545399,0.8926317515360224,1
0.19566423488413123,0.25025280653406623,1.6035894422923191,-0.2205603902910915,-1.101269025831483,-1.2803894626882832,0.06524021086992426,-0.7402042399527867,-0.819493311227174,-1.1202828022633302,0
1.1953388264302156,-0.5189705278276083,-0.5189351130677933,-0.6057278273726299,0.2003613713618533,0.09029584090505687,-0.6654501508732282,-0.7402042399527867,0.24317799182662198,0.8926317515360224,0
1.3905408501873506,0.49616327217044276,1.1117618097644324,-1.5514398818240906,-0.9533343582313719,0.9137288575987479,1.5266209343562294,-0.029608169598111366,-1.5525564905200244,-1.1202828022633302,1
-1.3961444650240598,-1.2988853393079105,0.19199965794801763,-0.8008290752408186,0.5376346258378109,1.1376681959268815,-1.3961405126163806,-0.7402042399527867,1.116180142921675,-1.1202828022633302,1
-1.8309457824232824,1.4523473581031914,-0.7459878480989723,1.1276433995052302,0.6431382317255904,-1.365550993051604,-0.6654501508732282,-1.450800310307462,-0.4627408102484966,0.8926317515360224,1
-0.9454306049930179,-0.22349265876677848,0.5040864143411323,-1.6943169268981668,-1.2398324954995872,0.6007887988003339,-1.3961405126163806,0.680987900756564,-0.3058267428051737,0.8926317515360224,1
0.4277417323453875,-1.3731265139122424,1.5860295998000122,0.7764968871978136,-0.778563905984776,1.6239283241629165,-1.3961405126163806,-0.7402042399527867,0.33457386004379014,-1.1202828022633302,0
0.7599540999139924,-0.8766353116686426,-1.0698527537300055,0.6971500144586675,-0.35007403019536015,-1.2591583752674407,0.06524021086992426,-0.029608169598111366,-1.1425803937501327,-1.1202828022633302,1
-1.5728720358067552,0.0005956868232821246,-1.6316196658529136,-1.1394040383302053,-1.3231578347110144,1.597298380249036,0.7959305726130768,0.680987900756564,-0.21270800523263772,-1.1202828022633302,0
0.3604722252265222,0.8795449079578389,0.347088849020636,-0.5457199866023021,0.760828151988832,-0.6792213433301101,0.06524021086992426,0.680987900756564,-0.30023218153543413,0.8926317515360224,0
-1.6824943873446228,-0.9508153925975256,-0.21340841218492357,0.6798150673547141,0.13981216651232412,0.4724062338572818,-0.6654501508732282,1.3915839711112392,-0.42220227939714233,0.8926317515360224,0
-1.4296671165949397,-0.6230951514968223,0.17945301330530944,-0.24304286885624454,1.2957552064196647,0.648766840567608,-1.3961405126163806,-0.7402042399527867,-1.2255191806603878,0.8926317515360224,1
-1.3020839714515058,0.1600756724597634,0.21235797966201814,-0.7006124070690362,-1.1899659692843922,1.4436923741737113,-0.6654501508732282,1.3915839711112392,0.18214652707217724,0.8926317515360224,1
